{"cameraMode":{"drawMode":0,"name":"Shaded","section":"Shading Mode"},"sceneLighting":false,"audioPlay":false,"sceneViewState":{"showFog":true,"showMaterialUpdate":false,"showSkybox":true,"showFlares":true,"showImageEffects":true,"showParticleSystems":true},"in2DMode":false,"pivot":{"x":6.668846607208252,"y":6.221760272979736,"z":-12.040135383605957},"rotation":{"x":-0.09715519100427628,"y":0.10044273734092713,"z":-0.00985574908554554,"w":-0.9901387691497803},"size":20.309432983398439,"orthographic":false}